-- phpMyAdmin SQL Dump
-- version 5.2.1
-- https://www.phpmyadmin.net/
--
-- Servidor: 127.0.0.1
-- Tiempo de generación: 27-08-2024 a las 04:09:46
-- Versión del servidor: 10.4.32-MariaDB
-- Versión de PHP: 8.2.12

SET SQL_MODE = "NO_AUTO_VALUE_ON_ZERO";
START TRANSACTION;
SET time_zone = "+00:00";


/*!40101 SET @OLD_CHARACTER_SET_CLIENT=@@CHARACTER_SET_CLIENT */;
/*!40101 SET @OLD_CHARACTER_SET_RESULTS=@@CHARACTER_SET_RESULTS */;
/*!40101 SET @OLD_COLLATION_CONNECTION=@@COLLATION_CONNECTION */;
/*!40101 SET NAMES utf8mb4 */;

--
-- Base de datos: `biblioteca`
--
CREATE DATABASE IF NOT EXISTS `biblioteca` DEFAULT CHARACTER SET utf8mb4 COLLATE utf8mb4_general_ci;
USE `biblioteca`;

-- --------------------------------------------------------

--
-- Estructura de tabla para la tabla `autor`
--

CREATE TABLE `autor` (
  `id` int(11) NOT NULL,
  `autor` varchar(150) NOT NULL,
  `imagen` varchar(100) NOT NULL,
  `estado` int(11) NOT NULL DEFAULT 1
) ENGINE=InnoDB DEFAULT CHARSET=utf8mb4 COLLATE=utf8mb4_general_ci;

--
-- Volcado de datos para la tabla `autor`
--

INSERT INTO `autor` (`id`, `autor`, `imagen`, `estado`) VALUES
(1, 'Aída Párraga', '20240827022406.jpg', 1),
(2, 'André Cruchaga', '20240827022414.jpg', 1),
(3, 'Susana Reyes', '20240827022427.jpg', 1),
(4, 'Luis Hernando', '20240827022437.jpg', 1),
(5, 'Mar García', '20240827022445.jpg', 1),
(6, 'Neil de Grasse', '20240827022459.jpg', 1),
(7, 'Rafael López', '20240827022509.jpg', 1),
(8, 'Rius Marcel', '20240827022519.jpg', 1),
(9, 'Valentine Goby', '20240827022527.jpg', 1),
(10, 'Javier Alfaro', '20240827031433.jpg', 0),
(11, 'Gustavo Torres', 'logo.png', 1),
(12, 'Jose Alvarado', 'logo.png', 1);

-- --------------------------------------------------------

--
-- Estructura de tabla para la tabla `configuracion`
--

CREATE TABLE `configuracion` (
  `id` int(11) NOT NULL,
  `nombre` varchar(200) NOT NULL,
  `telefono` varchar(20) NOT NULL,
  `direccion` text NOT NULL,
  `correo` varchar(100) NOT NULL,
  `foto` varchar(50) NOT NULL
) ENGINE=InnoDB DEFAULT CHARSET=utf8mb4 COLLATE=utf8mb4_general_ci;

--
-- Volcado de datos para la tabla `configuracion`
--

INSERT INTO `configuracion` (`id`, `nombre`, `telefono`, `direccion`, `correo`, `foto`) VALUES
(1, 'Biblioteca Bosco', '60031851', 'San Salvador', 'administrador@gmail.com', 'logo.png');

-- --------------------------------------------------------

--
-- Estructura de tabla para la tabla `detalle_permisos`
--

CREATE TABLE `detalle_permisos` (
  `id` int(11) NOT NULL,
  `id_usuario` int(11) NOT NULL,
  `id_permiso` int(11) NOT NULL
) ENGINE=InnoDB DEFAULT CHARSET=utf8mb4 COLLATE=utf8mb4_general_ci;

--
-- Volcado de datos para la tabla `detalle_permisos`
--

INSERT INTO `detalle_permisos` (`id`, `id_usuario`, `id_permiso`) VALUES
(5, 2, 1),
(6, 2, 2),
(7, 2, 3),
(8, 2, 5),
(9, 2, 8),
(11, 3, 9);

-- --------------------------------------------------------

--
-- Estructura de tabla para la tabla `editorial`
--

CREATE TABLE `editorial` (
  `id` int(11) NOT NULL,
  `editorial` varchar(150) NOT NULL,
  `estado` int(11) NOT NULL DEFAULT 1
) ENGINE=InnoDB DEFAULT CHARSET=utf8mb4 COLLATE=utf8mb4_general_ci;

--
-- Volcado de datos para la tabla `editorial`
--

INSERT INTO `editorial` (`id`, `editorial`, `estado`) VALUES
(1, 'Ninguna', 1),
(2, 'Gubernamentales', 1),
(3, 'Comerciales', 1),
(4, 'Independientes', 1),
(5, 'Academicas', 1),
(6, 'Romance', 0),
(7, 'carrera', 1);

-- --------------------------------------------------------

--
-- Estructura de tabla para la tabla `estudiante`
--

CREATE TABLE `estudiante` (
  `id` int(11) NOT NULL,
  `codigo` varchar(20) NOT NULL,
  `dni` varchar(20) NOT NULL,
  `nombre` varchar(150) NOT NULL,
  `carrera` varchar(255) NOT NULL,
  `direccion` text NOT NULL,
  `telefono` varchar(15) NOT NULL,
  `estado` int(11) NOT NULL DEFAULT 1
) ENGINE=InnoDB DEFAULT CHARSET=utf8mb4 COLLATE=utf8mb4_general_ci;

--
-- Volcado de datos para la tabla `estudiante`
--

INSERT INTO `estudiante` (`id`, `codigo`, `dni`, `nombre`, `carrera`, `direccion`, `telefono`, `estado`) VALUES
(1, 'DC123456', '7458974', 'David Cartagena', 'Ingenieria de sistemas', 'San Salvador', '925491523', 1),
(2, 'JM123456', '9779879', 'Jonathan Mendoza', 'Ingenieria', 'San Salvador', '72022904', 1),
(3, 'AS232691', '1425367', 'Manuel Abarca', 'Tecnico Informatica', 'San Salvador', '60031851', 1),
(4, 'ST123456', '2398457', 'Sebastián Torres', 'Aeronautica', 'San Salvador', '76023970', 1);

-- --------------------------------------------------------

--
-- Estructura de tabla para la tabla `libro`
--

CREATE TABLE `libro` (
  `id` int(11) NOT NULL,
  `titulo` text NOT NULL,
  `cantidad` int(11) NOT NULL,
  `id_autor` int(11) NOT NULL,
  `id_editorial` int(11) NOT NULL,
  `anio_edicion` date NOT NULL,
  `id_materia` int(11) NOT NULL,
  `num_pagina` int(11) NOT NULL,
  `descripcion` text NOT NULL,
  `imagen` varchar(100) NOT NULL,
  `estado` int(11) NOT NULL DEFAULT 1
) ENGINE=InnoDB DEFAULT CHARSET=utf8mb4 COLLATE=utf8mb4_general_ci;

--
-- Volcado de datos para la tabla `libro`
--

INSERT INTO `libro` (`id`, `titulo`, `cantidad`, `id_autor`, `id_editorial`, `anio_edicion`, `id_materia`, `num_pagina`, `descripcion`, `imagen`, `estado`) VALUES
(1, 'Ellas mueren de frío', 54, 1, 5, '2020-02-18', 10, 135, 'Cuando la temperatura corporal desciende, el funcionamiento del corazón, sistema nervioso y otros órganos se deteriora.', '20240827025331.jpg', 1),
(2, 'Algebra Baldor', 110, 2, 5, '2020-03-12', 4, 200, 'Dominar la matematica', '20240827023155.jpg', 1),
(3, 'Fibonacci', 50, 4, 5, '2021-05-08', 4, 258, 'Aprender mas matematica', '20240827023421.jpg', 1),
(4, 'Manual de tributacion municipal', 60, 10, 2, '2023-04-12', 3, 862, 'Manual de tributacion', '20240827025614.jpg', 1),
(5, 'Tratado de contabilidad de costos', 66, 11, 2, '2023-08-23', 3, 1200, 'Tratado de contabilidad', '20240827025650.jpg', 1),
(6, 'Ejecucion y supervision', 50, 12, 2, '2023-07-27', 3, 990, 'Supervicion de obras publicas', '20240827025714.jpg', 1),
(7, 'Fanatic wars', 80, 8, 3, '2018-05-23', 8, 250, 'documenta la dedicación y pasión de los fanáticos de Star Wars', '20240827031349.jpg', 1);

-- --------------------------------------------------------

--
-- Estructura de tabla para la tabla `materia`
--

CREATE TABLE `materia` (
  `id` int(11) NOT NULL,
  `materia` text NOT NULL,
  `estado` int(11) NOT NULL DEFAULT 1
) ENGINE=InnoDB DEFAULT CHARSET=utf8mb4 COLLATE=utf8mb4_general_ci;

--
-- Volcado de datos para la tabla `materia`
--

INSERT INTO `materia` (`id`, `materia`, `estado`) VALUES
(1, 'Base de Datos', 1),
(2, 'Ingenieria de Software', 1),
(3, 'Sociales', 1),
(4, 'Matematica', 1),
(5, 'Física', 1),
(6, 'Química', 1),
(7, 'Biología', 1),
(8, 'Historia', 1),
(9, 'Geografía', 1),
(10, 'Literatura', 1),
(11, 'Psicología', 1),
(12, 'Economía', 1);

-- --------------------------------------------------------

--
-- Estructura de tabla para la tabla `permisos`
--

CREATE TABLE `permisos` (
  `id` int(11) NOT NULL,
  `nombre` varchar(50) NOT NULL,
  `tipo` int(11) NOT NULL
) ENGINE=InnoDB DEFAULT CHARSET=utf8mb4 COLLATE=utf8mb4_general_ci;

--
-- Volcado de datos para la tabla `permisos`
--

INSERT INTO `permisos` (`id`, `nombre`, `tipo`) VALUES
(1, 'Libros', 1),
(2, 'Autor', 2),
(3, 'Editorial', 3),
(4, 'Usuarios', 4),
(5, 'Configuracion', 5),
(6, 'Estudiantes', 6),
(7, 'Materias', 7),
(8, 'Reportes', 8),
(9, 'Prestamos', 9);

-- --------------------------------------------------------

--
-- Estructura de tabla para la tabla `prestamo`
--

CREATE TABLE `prestamo` (
  `id` int(11) NOT NULL,
  `id_estudiante` int(11) NOT NULL,
  `id_libro` int(11) NOT NULL,
  `fecha_prestamo` date NOT NULL,
  `fecha_devolucion` date NOT NULL,
  `cantidad` int(11) NOT NULL,
  `observacion` text NOT NULL,
  `estado` int(11) NOT NULL DEFAULT 1
) ENGINE=InnoDB DEFAULT CHARSET=utf8mb4 COLLATE=utf8mb4_general_ci;

--
-- Volcado de datos para la tabla `prestamo`
--

INSERT INTO `prestamo` (`id`, `id_estudiante`, `id_libro`, `fecha_prestamo`, `fecha_devolucion`, `cantidad`, `observacion`, `estado`) VALUES
(1, 1, 1, '2021-05-11', '2021-05-11', 5, '', 0),
(2, 1, 2, '2021-05-11', '2021-05-11', 15, '', 0),
(3, 1, 1, '2024-08-24', '2024-08-24', 12, 'prueba', 0),
(4, 3, 1, '2024-08-24', '2024-08-24', 12, 'prestamo por 2 dias', 0),
(5, 3, 2, '2024-08-24', '2024-08-24', 60, 'aaa', 0),
(6, 1, 5, '2024-08-24', '2024-08-24', 12, 'prueba', 0),
(7, 1, 2, '2024-08-24', '2024-08-24', 8, 'hola', 0),
(8, 1, 2, '2024-08-27', '2024-08-27', 30, 'olaaa', 0),
(9, 2, 1, '2024-08-27', '2024-08-27', 30, 'prestamo de dos dias', 0),
(10, 4, 1, '2024-08-27', '2024-08-27', 30, 'Entrega el dia martes', 0),
(11, 4, 2, '2024-08-27', '2024-08-27', 12, 'quiero aprender mate', 0),
(12, 3, 1, '2024-08-27', '2024-08-27', 1, 'prueba', 0),
(13, 3, 2, '2024-08-26', '2024-08-27', 50, 'hola', 0),
(14, 3, 2, '2024-08-26', '2024-08-27', 40, 'zoom', 0),
(15, 4, 5, '2024-08-26', '2024-08-27', 2, 'wewe', 1),
(16, 1, 5, '2024-08-26', '2024-08-27', 2, 'prestamo', 1);

-- --------------------------------------------------------

--
-- Estructura de tabla para la tabla `usuarios`
--

CREATE TABLE `usuarios` (
  `id` int(11) NOT NULL,
  `usuario` varchar(50) NOT NULL,
  `nombre` varchar(200) NOT NULL,
  `clave` varchar(100) NOT NULL,
  `estado` int(11) NOT NULL DEFAULT 1
) ENGINE=InnoDB DEFAULT CHARSET=utf8mb4 COLLATE=utf8mb4_general_ci;

--
-- Volcado de datos para la tabla `usuarios`
--

INSERT INTO `usuarios` (`id`, `usuario`, `nombre`, `clave`, `estado`) VALUES
(1, 'admin', 'Administrador', '8c6976e5b5410415bde908bd4dee15dfb167a9c873fc4bb8a81f6f2ab448a918', 1),
(2, 'Manuel', 'manuel', '519ba91a5a5b4afb9dc66f8805ce8c442b6576316c19c6896af2fa9bda6aff71', 0),
(3, 'Manuel Abarca', 'Manuel', '8c6976e5b5410415bde908bd4dee15dfb167a9c873fc4bb8a81f6f2ab448a918', 1);

--
-- Índices para tablas volcadas
--

--
-- Indices de la tabla `autor`
--
ALTER TABLE `autor`
  ADD PRIMARY KEY (`id`);

--
-- Indices de la tabla `configuracion`
--
ALTER TABLE `configuracion`
  ADD PRIMARY KEY (`id`);

--
-- Indices de la tabla `detalle_permisos`
--
ALTER TABLE `detalle_permisos`
  ADD PRIMARY KEY (`id`),
  ADD KEY `id_usuario` (`id_usuario`),
  ADD KEY `id_permiso` (`id_permiso`);

--
-- Indices de la tabla `editorial`
--
ALTER TABLE `editorial`
  ADD PRIMARY KEY (`id`);

--
-- Indices de la tabla `estudiante`
--
ALTER TABLE `estudiante`
  ADD PRIMARY KEY (`id`);

--
-- Indices de la tabla `libro`
--
ALTER TABLE `libro`
  ADD PRIMARY KEY (`id`),
  ADD KEY `id_autor` (`id_autor`),
  ADD KEY `id_materia` (`id_materia`),
  ADD KEY `id_editorial` (`id_editorial`);

--
-- Indices de la tabla `materia`
--
ALTER TABLE `materia`
  ADD PRIMARY KEY (`id`);

--
-- Indices de la tabla `permisos`
--
ALTER TABLE `permisos`
  ADD PRIMARY KEY (`id`);

--
-- Indices de la tabla `prestamo`
--
ALTER TABLE `prestamo`
  ADD PRIMARY KEY (`id`),
  ADD KEY `id_estudiante` (`id_estudiante`),
  ADD KEY `id_libro` (`id_libro`);

--
-- Indices de la tabla `usuarios`
--
ALTER TABLE `usuarios`
  ADD PRIMARY KEY (`id`);

--
-- AUTO_INCREMENT de las tablas volcadas
--

--
-- AUTO_INCREMENT de la tabla `autor`
--
ALTER TABLE `autor`
  MODIFY `id` int(11) NOT NULL AUTO_INCREMENT, AUTO_INCREMENT=13;

--
-- AUTO_INCREMENT de la tabla `configuracion`
--
ALTER TABLE `configuracion`
  MODIFY `id` int(11) NOT NULL AUTO_INCREMENT, AUTO_INCREMENT=2;

--
-- AUTO_INCREMENT de la tabla `detalle_permisos`
--
ALTER TABLE `detalle_permisos`
  MODIFY `id` int(11) NOT NULL AUTO_INCREMENT, AUTO_INCREMENT=12;

--
-- AUTO_INCREMENT de la tabla `editorial`
--
ALTER TABLE `editorial`
  MODIFY `id` int(11) NOT NULL AUTO_INCREMENT, AUTO_INCREMENT=8;

--
-- AUTO_INCREMENT de la tabla `estudiante`
--
ALTER TABLE `estudiante`
  MODIFY `id` int(11) NOT NULL AUTO_INCREMENT, AUTO_INCREMENT=5;

--
-- AUTO_INCREMENT de la tabla `libro`
--
ALTER TABLE `libro`
  MODIFY `id` int(11) NOT NULL AUTO_INCREMENT, AUTO_INCREMENT=8;

--
-- AUTO_INCREMENT de la tabla `materia`
--
ALTER TABLE `materia`
  MODIFY `id` int(11) NOT NULL AUTO_INCREMENT, AUTO_INCREMENT=13;

--
-- AUTO_INCREMENT de la tabla `permisos`
--
ALTER TABLE `permisos`
  MODIFY `id` int(11) NOT NULL AUTO_INCREMENT, AUTO_INCREMENT=10;

--
-- AUTO_INCREMENT de la tabla `prestamo`
--
ALTER TABLE `prestamo`
  MODIFY `id` int(11) NOT NULL AUTO_INCREMENT, AUTO_INCREMENT=17;

--
-- AUTO_INCREMENT de la tabla `usuarios`
--
ALTER TABLE `usuarios`
  MODIFY `id` int(11) NOT NULL AUTO_INCREMENT, AUTO_INCREMENT=4;

--
-- Restricciones para tablas volcadas
--

--
-- Filtros para la tabla `detalle_permisos`
--
ALTER TABLE `detalle_permisos`
  ADD CONSTRAINT `detalle_permisos_ibfk_1` FOREIGN KEY (`id_usuario`) REFERENCES `usuarios` (`id`),
  ADD CONSTRAINT `detalle_permisos_ibfk_2` FOREIGN KEY (`id_permiso`) REFERENCES `permisos` (`id`);

--
-- Filtros para la tabla `libro`
--
ALTER TABLE `libro`
  ADD CONSTRAINT `libro_ibfk_1` FOREIGN KEY (`id_autor`) REFERENCES `autor` (`id`),
  ADD CONSTRAINT `libro_ibfk_2` FOREIGN KEY (`id_editorial`) REFERENCES `editorial` (`id`),
  ADD CONSTRAINT `libro_ibfk_3` FOREIGN KEY (`id_materia`) REFERENCES `materia` (`id`);

--
-- Filtros para la tabla `prestamo`
--
ALTER TABLE `prestamo`
  ADD CONSTRAINT `prestamo_ibfk_1` FOREIGN KEY (`id_estudiante`) REFERENCES `estudiante` (`id`),
  ADD CONSTRAINT `prestamo_ibfk_2` FOREIGN KEY (`id_libro`) REFERENCES `libro` (`id`);
--
-- Base de datos: `phpmyadmin`
--
CREATE DATABASE IF NOT EXISTS `phpmyadmin` DEFAULT CHARACTER SET utf8 COLLATE utf8_bin;
USE `phpmyadmin`;

-- --------------------------------------------------------

--
-- Estructura de tabla para la tabla `pma__bookmark`
--

CREATE TABLE `pma__bookmark` (
  `id` int(10) UNSIGNED NOT NULL,
  `dbase` varchar(255) NOT NULL DEFAULT '',
  `user` varchar(255) NOT NULL DEFAULT '',
  `label` varchar(255) CHARACTER SET utf8 COLLATE utf8_general_ci NOT NULL DEFAULT '',
  `query` text NOT NULL
) ENGINE=InnoDB DEFAULT CHARSET=utf8 COLLATE=utf8_bin COMMENT='Bookmarks';

-- --------------------------------------------------------

--
-- Estructura de tabla para la tabla `pma__central_columns`
--

CREATE TABLE `pma__central_columns` (
  `db_name` varchar(64) NOT NULL,
  `col_name` varchar(64) NOT NULL,
  `col_type` varchar(64) NOT NULL,
  `col_length` text DEFAULT NULL,
  `col_collation` varchar(64) NOT NULL,
  `col_isNull` tinyint(1) NOT NULL,
  `col_extra` varchar(255) DEFAULT '',
  `col_default` text DEFAULT NULL
) ENGINE=InnoDB DEFAULT CHARSET=utf8 COLLATE=utf8_bin COMMENT='Central list of columns';

-- --------------------------------------------------------

--
-- Estructura de tabla para la tabla `pma__column_info`
--

CREATE TABLE `pma__column_info` (
  `id` int(5) UNSIGNED NOT NULL,
  `db_name` varchar(64) NOT NULL DEFAULT '',
  `table_name` varchar(64) NOT NULL DEFAULT '',
  `column_name` varchar(64) NOT NULL DEFAULT '',
  `comment` varchar(255) CHARACTER SET utf8 COLLATE utf8_general_ci NOT NULL DEFAULT '',
  `mimetype` varchar(255) CHARACTER SET utf8 COLLATE utf8_general_ci NOT NULL DEFAULT '',
  `transformation` varchar(255) NOT NULL DEFAULT '',
  `transformation_options` varchar(255) NOT NULL DEFAULT '',
  `input_transformation` varchar(255) NOT NULL DEFAULT '',
  `input_transformation_options` varchar(255) NOT NULL DEFAULT ''
) ENGINE=InnoDB DEFAULT CHARSET=utf8 COLLATE=utf8_bin COMMENT='Column information for phpMyAdmin';

-- --------------------------------------------------------

--
-- Estructura de tabla para la tabla `pma__designer_settings`
--

CREATE TABLE `pma__designer_settings` (
  `username` varchar(64) NOT NULL,
  `settings_data` text NOT NULL
) ENGINE=InnoDB DEFAULT CHARSET=utf8 COLLATE=utf8_bin COMMENT='Settings related to Designer';

-- --------------------------------------------------------

--
-- Estructura de tabla para la tabla `pma__export_templates`
--

CREATE TABLE `pma__export_templates` (
  `id` int(5) UNSIGNED NOT NULL,
  `username` varchar(64) NOT NULL,
  `export_type` varchar(10) NOT NULL,
  `template_name` varchar(64) NOT NULL,
  `template_data` text NOT NULL
) ENGINE=InnoDB DEFAULT CHARSET=utf8 COLLATE=utf8_bin COMMENT='Saved export templates';

--
-- Volcado de datos para la tabla `pma__export_templates`
--

INSERT INTO `pma__export_templates` (`id`, `username`, `export_type`, `template_name`, `template_data`) VALUES
(1, 'root', 'server', 'biblioteca', '{\"quick_or_custom\":\"quick\",\"what\":\"sql\",\"db_select[]\":[\"biblioteca\",\"phpmyadmin\",\"test\"],\"aliases_new\":\"\",\"output_format\":\"sendit\",\"filename_template\":\"@SERVER@\",\"remember_template\":\"on\",\"charset\":\"utf-8\",\"compression\":\"none\",\"maxsize\":\"\",\"codegen_structure_or_data\":\"data\",\"codegen_format\":\"0\",\"csv_separator\":\",\",\"csv_enclosed\":\"\\\"\",\"csv_escaped\":\"\\\"\",\"csv_terminated\":\"AUTO\",\"csv_null\":\"NULL\",\"csv_columns\":\"something\",\"csv_structure_or_data\":\"data\",\"excel_null\":\"NULL\",\"excel_columns\":\"something\",\"excel_edition\":\"win\",\"excel_structure_or_data\":\"data\",\"json_structure_or_data\":\"data\",\"json_unicode\":\"something\",\"latex_caption\":\"something\",\"latex_structure_or_data\":\"structure_and_data\",\"latex_structure_caption\":\"Estructura de la tabla @TABLE@\",\"latex_structure_continued_caption\":\"Estructura de la tabla @TABLE@ (continúa)\",\"latex_structure_label\":\"tab:@TABLE@-structure\",\"latex_relation\":\"something\",\"latex_comments\":\"something\",\"latex_mime\":\"something\",\"latex_columns\":\"something\",\"latex_data_caption\":\"Contenido de la tabla @TABLE@\",\"latex_data_continued_caption\":\"Contenido de la tabla @TABLE@ (continúa)\",\"latex_data_label\":\"tab:@TABLE@-data\",\"latex_null\":\"\\\\textit{NULL}\",\"mediawiki_structure_or_data\":\"data\",\"mediawiki_caption\":\"something\",\"mediawiki_headers\":\"something\",\"htmlword_structure_or_data\":\"structure_and_data\",\"htmlword_null\":\"NULL\",\"ods_null\":\"NULL\",\"ods_structure_or_data\":\"data\",\"odt_structure_or_data\":\"structure_and_data\",\"odt_relation\":\"something\",\"odt_comments\":\"something\",\"odt_mime\":\"something\",\"odt_columns\":\"something\",\"odt_null\":\"NULL\",\"pdf_report_title\":\"\",\"pdf_structure_or_data\":\"data\",\"phparray_structure_or_data\":\"data\",\"sql_include_comments\":\"something\",\"sql_header_comment\":\"\",\"sql_use_transaction\":\"something\",\"sql_compatibility\":\"NONE\",\"sql_structure_or_data\":\"structure_and_data\",\"sql_create_table\":\"something\",\"sql_auto_increment\":\"something\",\"sql_create_view\":\"something\",\"sql_create_trigger\":\"something\",\"sql_backquotes\":\"something\",\"sql_type\":\"INSERT\",\"sql_insert_syntax\":\"both\",\"sql_max_query_size\":\"50000\",\"sql_hex_for_binary\":\"something\",\"sql_utc_time\":\"something\",\"texytext_structure_or_data\":\"structure_and_data\",\"texytext_null\":\"NULL\",\"yaml_structure_or_data\":\"data\",\"\":null,\"as_separate_files\":null,\"csv_removeCRLF\":null,\"excel_removeCRLF\":null,\"json_pretty_print\":null,\"htmlword_columns\":null,\"ods_columns\":null,\"sql_dates\":null,\"sql_relation\":null,\"sql_mime\":null,\"sql_disable_fk\":null,\"sql_views_as_tables\":null,\"sql_metadata\":null,\"sql_drop_database\":null,\"sql_drop_table\":null,\"sql_if_not_exists\":null,\"sql_simple_view_export\":null,\"sql_view_current_user\":null,\"sql_or_replace_view\":null,\"sql_procedure_function\":null,\"sql_truncate\":null,\"sql_delayed\":null,\"sql_ignore\":null,\"texytext_columns\":null}');

-- --------------------------------------------------------

--
-- Estructura de tabla para la tabla `pma__favorite`
--

CREATE TABLE `pma__favorite` (
  `username` varchar(64) NOT NULL,
  `tables` text NOT NULL
) ENGINE=InnoDB DEFAULT CHARSET=utf8 COLLATE=utf8_bin COMMENT='Favorite tables';

-- --------------------------------------------------------

--
-- Estructura de tabla para la tabla `pma__history`
--

CREATE TABLE `pma__history` (
  `id` bigint(20) UNSIGNED NOT NULL,
  `username` varchar(64) NOT NULL DEFAULT '',
  `db` varchar(64) NOT NULL DEFAULT '',
  `table` varchar(64) NOT NULL DEFAULT '',
  `timevalue` timestamp NOT NULL DEFAULT current_timestamp(),
  `sqlquery` text NOT NULL
) ENGINE=InnoDB DEFAULT CHARSET=utf8 COLLATE=utf8_bin COMMENT='SQL history for phpMyAdmin';

-- --------------------------------------------------------

--
-- Estructura de tabla para la tabla `pma__navigationhiding`
--

CREATE TABLE `pma__navigationhiding` (
  `username` varchar(64) NOT NULL,
  `item_name` varchar(64) NOT NULL,
  `item_type` varchar(64) NOT NULL,
  `db_name` varchar(64) NOT NULL,
  `table_name` varchar(64) NOT NULL
) ENGINE=InnoDB DEFAULT CHARSET=utf8 COLLATE=utf8_bin COMMENT='Hidden items of navigation tree';

-- --------------------------------------------------------

--
-- Estructura de tabla para la tabla `pma__pdf_pages`
--

CREATE TABLE `pma__pdf_pages` (
  `db_name` varchar(64) NOT NULL DEFAULT '',
  `page_nr` int(10) UNSIGNED NOT NULL,
  `page_descr` varchar(50) CHARACTER SET utf8 COLLATE utf8_general_ci NOT NULL DEFAULT ''
) ENGINE=InnoDB DEFAULT CHARSET=utf8 COLLATE=utf8_bin COMMENT='PDF relation pages for phpMyAdmin';

-- --------------------------------------------------------

--
-- Estructura de tabla para la tabla `pma__recent`
--

CREATE TABLE `pma__recent` (
  `username` varchar(64) NOT NULL,
  `tables` text NOT NULL
) ENGINE=InnoDB DEFAULT CHARSET=utf8 COLLATE=utf8_bin COMMENT='Recently accessed tables';

--
-- Volcado de datos para la tabla `pma__recent`
--

INSERT INTO `pma__recent` (`username`, `tables`) VALUES
('root', '[{\"db\":\"biblioteca\",\"table\":\"autor\"},{\"db\":\"biblioteca\",\"table\":\"editorial\"},{\"db\":\"biblioteca\",\"table\":\"prestamo\"},{\"db\":\"biblioteca\",\"table\":\"permisos\"},{\"db\":\"biblioteca\",\"table\":\"materia\"},{\"db\":\"biblioteca\",\"table\":\"libro\"},{\"db\":\"biblioteca\",\"table\":\"estudiante\"},{\"db\":\"biblioteca\",\"table\":\"usuarios\"},{\"db\":\"biblioteca\",\"table\":\"configuracion\"},{\"db\":\"biblioteca\",\"table\":\"detalle_permisos\"}]');

-- --------------------------------------------------------

--
-- Estructura de tabla para la tabla `pma__relation`
--

CREATE TABLE `pma__relation` (
  `master_db` varchar(64) NOT NULL DEFAULT '',
  `master_table` varchar(64) NOT NULL DEFAULT '',
  `master_field` varchar(64) NOT NULL DEFAULT '',
  `foreign_db` varchar(64) NOT NULL DEFAULT '',
  `foreign_table` varchar(64) NOT NULL DEFAULT '',
  `foreign_field` varchar(64) NOT NULL DEFAULT ''
) ENGINE=InnoDB DEFAULT CHARSET=utf8 COLLATE=utf8_bin COMMENT='Relation table';

-- --------------------------------------------------------

--
-- Estructura de tabla para la tabla `pma__savedsearches`
--

CREATE TABLE `pma__savedsearches` (
  `id` int(5) UNSIGNED NOT NULL,
  `username` varchar(64) NOT NULL DEFAULT '',
  `db_name` varchar(64) NOT NULL DEFAULT '',
  `search_name` varchar(64) NOT NULL DEFAULT '',
  `search_data` text NOT NULL
) ENGINE=InnoDB DEFAULT CHARSET=utf8 COLLATE=utf8_bin COMMENT='Saved searches';

-- --------------------------------------------------------

--
-- Estructura de tabla para la tabla `pma__table_coords`
--

CREATE TABLE `pma__table_coords` (
  `db_name` varchar(64) NOT NULL DEFAULT '',
  `table_name` varchar(64) NOT NULL DEFAULT '',
  `pdf_page_number` int(11) NOT NULL DEFAULT 0,
  `x` float UNSIGNED NOT NULL DEFAULT 0,
  `y` float UNSIGNED NOT NULL DEFAULT 0
) ENGINE=InnoDB DEFAULT CHARSET=utf8 COLLATE=utf8_bin COMMENT='Table coordinates for phpMyAdmin PDF output';

-- --------------------------------------------------------

--
-- Estructura de tabla para la tabla `pma__table_info`
--

CREATE TABLE `pma__table_info` (
  `db_name` varchar(64) NOT NULL DEFAULT '',
  `table_name` varchar(64) NOT NULL DEFAULT '',
  `display_field` varchar(64) NOT NULL DEFAULT ''
) ENGINE=InnoDB DEFAULT CHARSET=utf8 COLLATE=utf8_bin COMMENT='Table information for phpMyAdmin';

-- --------------------------------------------------------

--
-- Estructura de tabla para la tabla `pma__table_uiprefs`
--

CREATE TABLE `pma__table_uiprefs` (
  `username` varchar(64) NOT NULL,
  `db_name` varchar(64) NOT NULL,
  `table_name` varchar(64) NOT NULL,
  `prefs` text NOT NULL,
  `last_update` timestamp NOT NULL DEFAULT current_timestamp() ON UPDATE current_timestamp()
) ENGINE=InnoDB DEFAULT CHARSET=utf8 COLLATE=utf8_bin COMMENT='Tables'' UI preferences';

-- --------------------------------------------------------

--
-- Estructura de tabla para la tabla `pma__tracking`
--

CREATE TABLE `pma__tracking` (
  `db_name` varchar(64) NOT NULL,
  `table_name` varchar(64) NOT NULL,
  `version` int(10) UNSIGNED NOT NULL,
  `date_created` datetime NOT NULL,
  `date_updated` datetime NOT NULL,
  `schema_snapshot` text NOT NULL,
  `schema_sql` text DEFAULT NULL,
  `data_sql` longtext DEFAULT NULL,
  `tracking` set('UPDATE','REPLACE','INSERT','DELETE','TRUNCATE','CREATE DATABASE','ALTER DATABASE','DROP DATABASE','CREATE TABLE','ALTER TABLE','RENAME TABLE','DROP TABLE','CREATE INDEX','DROP INDEX','CREATE VIEW','ALTER VIEW','DROP VIEW') DEFAULT NULL,
  `tracking_active` int(1) UNSIGNED NOT NULL DEFAULT 1
) ENGINE=InnoDB DEFAULT CHARSET=utf8 COLLATE=utf8_bin COMMENT='Database changes tracking for phpMyAdmin';

-- --------------------------------------------------------

--
-- Estructura de tabla para la tabla `pma__userconfig`
--

CREATE TABLE `pma__userconfig` (
  `username` varchar(64) NOT NULL,
  `timevalue` timestamp NOT NULL DEFAULT current_timestamp() ON UPDATE current_timestamp(),
  `config_data` text NOT NULL
) ENGINE=InnoDB DEFAULT CHARSET=utf8 COLLATE=utf8_bin COMMENT='User preferences storage for phpMyAdmin';

--
-- Volcado de datos para la tabla `pma__userconfig`
--

INSERT INTO `pma__userconfig` (`username`, `timevalue`, `config_data`) VALUES
('root', '2024-08-27 01:20:57', '{\"Console\\/Mode\":\"collapse\",\"lang\":\"es\"}');

-- --------------------------------------------------------

--
-- Estructura de tabla para la tabla `pma__usergroups`
--

CREATE TABLE `pma__usergroups` (
  `usergroup` varchar(64) NOT NULL,
  `tab` varchar(64) NOT NULL,
  `allowed` enum('Y','N') NOT NULL DEFAULT 'N'
) ENGINE=InnoDB DEFAULT CHARSET=utf8 COLLATE=utf8_bin COMMENT='User groups with configured menu items';

-- --------------------------------------------------------

--
-- Estructura de tabla para la tabla `pma__users`
--

CREATE TABLE `pma__users` (
  `username` varchar(64) NOT NULL,
  `usergroup` varchar(64) NOT NULL
) ENGINE=InnoDB DEFAULT CHARSET=utf8 COLLATE=utf8_bin COMMENT='Users and their assignments to user groups';

--
-- Índices para tablas volcadas
--

--
-- Indices de la tabla `pma__bookmark`
--
ALTER TABLE `pma__bookmark`
  ADD PRIMARY KEY (`id`);

--
-- Indices de la tabla `pma__central_columns`
--
ALTER TABLE `pma__central_columns`
  ADD PRIMARY KEY (`db_name`,`col_name`);

--
-- Indices de la tabla `pma__column_info`
--
ALTER TABLE `pma__column_info`
  ADD PRIMARY KEY (`id`),
  ADD UNIQUE KEY `db_name` (`db_name`,`table_name`,`column_name`);

--
-- Indices de la tabla `pma__designer_settings`
--
ALTER TABLE `pma__designer_settings`
  ADD PRIMARY KEY (`username`);

--
-- Indices de la tabla `pma__export_templates`
--
ALTER TABLE `pma__export_templates`
  ADD PRIMARY KEY (`id`),
  ADD UNIQUE KEY `u_user_type_template` (`username`,`export_type`,`template_name`);

--
-- Indices de la tabla `pma__favorite`
--
ALTER TABLE `pma__favorite`
  ADD PRIMARY KEY (`username`);

--
-- Indices de la tabla `pma__history`
--
ALTER TABLE `pma__history`
  ADD PRIMARY KEY (`id`),
  ADD KEY `username` (`username`,`db`,`table`,`timevalue`);

--
-- Indices de la tabla `pma__navigationhiding`
--
ALTER TABLE `pma__navigationhiding`
  ADD PRIMARY KEY (`username`,`item_name`,`item_type`,`db_name`,`table_name`);

--
-- Indices de la tabla `pma__pdf_pages`
--
ALTER TABLE `pma__pdf_pages`
  ADD PRIMARY KEY (`page_nr`),
  ADD KEY `db_name` (`db_name`);

--
-- Indices de la tabla `pma__recent`
--
ALTER TABLE `pma__recent`
  ADD PRIMARY KEY (`username`);

--
-- Indices de la tabla `pma__relation`
--
ALTER TABLE `pma__relation`
  ADD PRIMARY KEY (`master_db`,`master_table`,`master_field`),
  ADD KEY `foreign_field` (`foreign_db`,`foreign_table`);

--
-- Indices de la tabla `pma__savedsearches`
--
ALTER TABLE `pma__savedsearches`
  ADD PRIMARY KEY (`id`),
  ADD UNIQUE KEY `u_savedsearches_username_dbname` (`username`,`db_name`,`search_name`);

--
-- Indices de la tabla `pma__table_coords`
--
ALTER TABLE `pma__table_coords`
  ADD PRIMARY KEY (`db_name`,`table_name`,`pdf_page_number`);

--
-- Indices de la tabla `pma__table_info`
--
ALTER TABLE `pma__table_info`
  ADD PRIMARY KEY (`db_name`,`table_name`);

--
-- Indices de la tabla `pma__table_uiprefs`
--
ALTER TABLE `pma__table_uiprefs`
  ADD PRIMARY KEY (`username`,`db_name`,`table_name`);

--
-- Indices de la tabla `pma__tracking`
--
ALTER TABLE `pma__tracking`
  ADD PRIMARY KEY (`db_name`,`table_name`,`version`);

--
-- Indices de la tabla `pma__userconfig`
--
ALTER TABLE `pma__userconfig`
  ADD PRIMARY KEY (`username`);

--
-- Indices de la tabla `pma__usergroups`
--
ALTER TABLE `pma__usergroups`
  ADD PRIMARY KEY (`usergroup`,`tab`,`allowed`);

--
-- Indices de la tabla `pma__users`
--
ALTER TABLE `pma__users`
  ADD PRIMARY KEY (`username`,`usergroup`);

--
-- AUTO_INCREMENT de las tablas volcadas
--

--
-- AUTO_INCREMENT de la tabla `pma__bookmark`
--
ALTER TABLE `pma__bookmark`
  MODIFY `id` int(10) UNSIGNED NOT NULL AUTO_INCREMENT;

--
-- AUTO_INCREMENT de la tabla `pma__column_info`
--
ALTER TABLE `pma__column_info`
  MODIFY `id` int(5) UNSIGNED NOT NULL AUTO_INCREMENT;

--
-- AUTO_INCREMENT de la tabla `pma__export_templates`
--
ALTER TABLE `pma__export_templates`
  MODIFY `id` int(5) UNSIGNED NOT NULL AUTO_INCREMENT, AUTO_INCREMENT=4;

--
-- AUTO_INCREMENT de la tabla `pma__history`
--
ALTER TABLE `pma__history`
  MODIFY `id` bigint(20) UNSIGNED NOT NULL AUTO_INCREMENT;

--
-- AUTO_INCREMENT de la tabla `pma__pdf_pages`
--
ALTER TABLE `pma__pdf_pages`
  MODIFY `page_nr` int(10) UNSIGNED NOT NULL AUTO_INCREMENT;

--
-- AUTO_INCREMENT de la tabla `pma__savedsearches`
--
ALTER TABLE `pma__savedsearches`
  MODIFY `id` int(5) UNSIGNED NOT NULL AUTO_INCREMENT;
--
-- Base de datos: `test`
--
CREATE DATABASE IF NOT EXISTS `test` DEFAULT CHARACTER SET latin1 COLLATE latin1_swedish_ci;
USE `test`;
COMMIT;

/*!40101 SET CHARACTER_SET_CLIENT=@OLD_CHARACTER_SET_CLIENT */;
/*!40101 SET CHARACTER_SET_RESULTS=@OLD_CHARACTER_SET_RESULTS */;
/*!40101 SET COLLATION_CONNECTION=@OLD_COLLATION_CONNECTION */;
